[{"@type":"mappingTemplate","id":"@1","name":"SQLServerToFile","description":"","bundleVersion":"0","templateId":"@3","deployTime":1579204759000,"hasParameters":false,"valid":true,"fixedConnection":true,"hasParametersDeployed":false,"fixedConnectionDeployed":true,"tasks":0,"mappingPreviewFileRecordId":"@2","documentType":"","references":[{"@type":"reference","refObjectId":"@1t1c0LB5emVcIlvPgjhQAm","refType":"connection"},{"@type":"reference","refObjectId":"@7JOsbbwadIijatcOBydNiP","refType":"connection"}]}]