[{"@type":"mappingTemplate","id":"@1","name":"MappingS3toBlob","description":"","bundleVersion":"0","templateId":"@3","deployTime":1579223613000,"hasParameters":false,"valid":true,"fixedConnection":true,"hasParametersDeployed":false,"fixedConnectionDeployed":true,"tasks":0,"mappingPreviewFileRecordId":"@2","documentType":"","references":[{"@type":"reference","refObjectId":"@7mCK7ja8eMAdwVpDrBfXGK","refType":"connection"},{"@type":"reference","refObjectId":"@bfFzKJUWSidiadzWYuTPiY","refType":"connection"}]}]